网址,投标单位数
http://lssggzy.lishui.gov.cn/art/2013/4/22/art_1229661812_153272.html,8
http://lssggzy.lishui.gov.cn/art/2013/4/22/art_1229661812_153269.html,8
http://lssggzy.lishui.gov.cn/art/2013/4/18/art_1229661812_153263.html,11
http://lssggzy.lishui.gov.cn/art/2013/4/18/art_1229661812_153266.html,11
http://lssggzy.lishui.gov.cn/art/2013/4/17/art_1229661812_153260.html,11
http://lssggzy.lishui.gov.cn/art/2013/4/16/art_1229661812_153257.html,36
http://lssggzy.lishui.gov.cn/art/2013/4/15/art_1229661812_153254.html,4
http://lssggzy.lishui.gov.cn/art/2013/4/12/art_1229661812_153251.html,7
http://lssggzy.lishui.gov.cn/art/2013/4/11/art_1229661812_153248.html,6
http://lssggzy.lishui.gov.cn/art/2013/4/10/art_1229661812_153245.html,25
http://lssggzy.lishui.gov.cn/art/2013/4/8/art_1229661812_153242.html,4
http://lssggzy.lishui.gov.cn/art/2013/4/8/art_1229661812_153239.html,3
http://lssggzy.lishui.gov.cn/art/2013/4/7/art_1229661812_153229.html,3
http://lssggzy.lishui.gov.cn/art/2013/4/7/art_1229661812_153232.html,3
http://lssggzy.lishui.gov.cn/art/2013/4/7/art_1229661812_153236.html,5
http://lssggzy.lishui.gov.cn/art/2013/4/3/art_1229661812_153221.html,8
http://lssggzy.lishui.gov.cn/art/2013/4/3/art_1229661812_153226.html,5
http://lssggzy.lishui.gov.cn/art/2013/4/3/art_1229661812_153224.html,11
http://lssggzy.lishui.gov.cn/art/2013/4/2/art_1229661812_153212.html,7
http://lssggzy.lishui.gov.cn/art/2013/4/2/art_1229661812_153215.html,3
http://lssggzy.lishui.gov.cn/art/2013/4/2/art_1229661812_153218.html,8
http://lssggzy.lishui.gov.cn/art/2013/4/1/art_1229661812_153209.html,3
http://lssggzy.lishui.gov.cn/art/2013/4/1/art_1229661812_153206.html,4
http://lssggzy.lishui.gov.cn/art/2013/3/29/art_1229661812_153203.html,5
http://lssggzy.lishui.gov.cn/art/2013/3/28/art_1229661812_153200.html,3
http://lssggzy.lishui.gov.cn/art/2013/3/21/art_1229661812_153197.html,3
http://lssggzy.lishui.gov.cn/art/2013/3/18/art_1229661812_153191.html,3
http://lssggzy.lishui.gov.cn/art/2013/3/18/art_1229661812_153188.html,3
http://lssggzy.lishui.gov.cn/art/2013/3/18/art_1229661812_153194.html,3
http://lssggzy.lishui.gov.cn/art/2013/3/15/art_1229661812_153185.html,3
http://lssggzy.lishui.gov.cn/art/2013/3/15/art_1229661812_153177.html,3
http://lssggzy.lishui.gov.cn/art/2013/3/15/art_1229661812_153182.html,3
http://lssggzy.lishui.gov.cn/art/2013/3/14/art_1229661812_153175.html,3
http://lssggzy.lishui.gov.cn/art/2013/3/12/art_1229661812_153173.html,4
http://lssggzy.lishui.gov.cn/art/2013/3/4/art_1229661812_153170.html,3
http://lssggzy.lishui.gov.cn/art/2013/3/1/art_1229661812_153167.html,5
http://lssggzy.lishui.gov.cn/art/2013/2/25/art_1229661812_153164.html,5
http://lssggzy.lishui.gov.cn/art/2013/2/22/art_1229661812_153161.html,4
http://lssggzy.lishui.gov.cn/art/2013/2/18/art_1229661812_153158.html,3
http://lssggzy.lishui.gov.cn/art/2013/2/5/art_1229661812_153155.html,3
http://lssggzy.lishui.gov.cn/art/2013/2/4/art_1229661812_153152.html,3
http://lssggzy.lishui.gov.cn/art/2013/1/31/art_1229661812_153146.html,3
http://lssggzy.lishui.gov.cn/art/2013/1/31/art_1229661812_153143.html,3
http://lssggzy.lishui.gov.cn/art/2013/1/31/art_1229661812_153149.html,3
http://lssggzy.lishui.gov.cn/art/2013/1/31/art_1229661812_153140.html,3
http://lssggzy.lishui.gov.cn/art/2013/1/29/art_1229661812_153137.html,5
http://lssggzy.lishui.gov.cn/art/2013/1/28/art_1229661812_153134.html,3
http://lssggzy.lishui.gov.cn/art/2013/1/16/art_1229661812_153131.html,5
http://lssggzy.lishui.gov.cn/art/2013/1/14/art_1229661812_153125.html,3
http://lssggzy.lishui.gov.cn/art/2013/1/14/art_1229661812_153128.html,3
http://lssggzy.lishui.gov.cn/art/2013/1/9/art_1229661812_153122.html,3
http://lssggzy.lishui.gov.cn/art/2013/1/8/art_1229661812_153113.html,3
http://lssggzy.lishui.gov.cn/art/2013/1/8/art_1229661812_153119.html,3
http://lssggzy.lishui.gov.cn/art/2013/1/8/art_1229661812_153116.html,3
http://lssggzy.lishui.gov.cn/art/2013/1/7/art_1229661812_153110.html,3
http://lssggzy.lishui.gov.cn/art/2013/1/7/art_1229661812_153107.html,3
http://lssggzy.lishui.gov.cn/art/2013/1/6/art_1229661812_153098.html,3
http://lssggzy.lishui.gov.cn/art/2013/1/6/art_1229661812_153103.html,3
http://lssggzy.lishui.gov.cn/art/2013/1/6/art_1229661812_153100.html,3
http://lssggzy.lishui.gov.cn/art/2013/1/5/art_1229661812_153088.html,3
http://lssggzy.lishui.gov.cn/art/2013/1/5/art_1229661812_153095.html,3
http://lssggzy.lishui.gov.cn/art/2013/1/5/art_1229661812_153091.html,3
http://lssggzy.lishui.gov.cn/art/2012/12/31/art_1229661812_153082.html,3
http://lssggzy.lishui.gov.cn/art/2012/12/31/art_1229661812_153079.html,3
http://lssggzy.lishui.gov.cn/art/2012/12/31/art_1229661812_153085.html,4
http://lssggzy.lishui.gov.cn/art/2012/12/31/art_1229661812_153077.html,3
http://lssggzy.lishui.gov.cn/art/2012/12/27/art_1229661812_153074.html,4
http://lssggzy.lishui.gov.cn/art/2012/12/27/art_1229661812_153071.html,4
http://lssggzy.lishui.gov.cn/art/2012/12/26/art_1229661812_153068.html,3
http://lssggzy.lishui.gov.cn/art/2012/12/26/art_1229661812_153065.html,3
http://lssggzy.lishui.gov.cn/art/2012/12/26/art_1229661812_153062.html,3
http://lssggzy.lishui.gov.cn/art/2012/12/24/art_1229661812_153059.html,3
http://lssggzy.lishui.gov.cn/art/2012/12/21/art_1229661812_153056.html,3
http://lssggzy.lishui.gov.cn/art/2012/12/21/art_1229661812_153053.html,5
http://lssggzy.lishui.gov.cn/art/2012/12/19/art_1229661812_153050.html,3
http://lssggzy.lishui.gov.cn/art/2012/12/19/art_1229661812_153047.html,9
http://lssggzy.lishui.gov.cn/art/2012/12/19/art_1229661812_153044.html,6
http://lssggzy.lishui.gov.cn/art/2012/12/18/art_1229661812_153022.html,4
http://lssggzy.lishui.gov.cn/art/2012/12/18/art_1229661812_153019.html,9
http://lssggzy.lishui.gov.cn/art/2012/12/18/art_1229661812_153024.html,4
http://lssggzy.lishui.gov.cn/art/2012/12/18/art_1229661812_153035.html,41
http://lssggzy.lishui.gov.cn/art/2012/12/18/art_1229661812_153032.html,10
http://lssggzy.lishui.gov.cn/art/2012/12/18/art_1229661812_153027.html,3
http://lssggzy.lishui.gov.cn/art/2012/12/18/art_1229661812_153041.html,30
http://lssggzy.lishui.gov.cn/art/2012/12/18/art_1229661812_153038.html,29
http://lssggzy.lishui.gov.cn/art/2012/12/11/art_1229661812_153016.html,3
http://lssggzy.lishui.gov.cn/art/2012/12/7/art_1229661812_153010.html,5
http://lssggzy.lishui.gov.cn/art/2012/12/7/art_1229661812_153013.html,5
http://lssggzy.lishui.gov.cn/art/2012/12/6/art_1229661812_153006.html,3
http://lssggzy.lishui.gov.cn/art/2012/12/5/art_1229661812_153000.html,6
http://lssggzy.lishui.gov.cn/art/2012/12/5/art_1229661812_152997.html,3
http://lssggzy.lishui.gov.cn/art/2012/12/5/art_1229661812_152994.html,4
http://lssggzy.lishui.gov.cn/art/2012/12/5/art_1229661812_153003.html,3
http://lssggzy.lishui.gov.cn/art/2012/12/4/art_1229661812_152991.html,3
http://lssggzy.lishui.gov.cn/art/2012/12/3/art_1229661812_152988.html,3
http://lssggzy.lishui.gov.cn/art/2012/11/30/art_1229661812_152985.html,5
http://lssggzy.lishui.gov.cn/art/2012/11/29/art_1229661812_152982.html,10
http://lssggzy.lishui.gov.cn/art/2012/11/28/art_1229661812_152976.html,9
http://lssggzy.lishui.gov.cn/art/2012/11/28/art_1229661812_152979.html,3
http://lssggzy.lishui.gov.cn/art/2012/11/27/art_1229661812_152973.html,0
http://lssggzy.lishui.gov.cn/art/2012/11/22/art_1229661812_152969.html,3
http://lssggzy.lishui.gov.cn/art/2012/11/20/art_1229661812_152966.html,3
http://lssggzy.lishui.gov.cn/art/2012/11/20/art_1229661812_152963.html,4
http://lssggzy.lishui.gov.cn/art/2012/11/19/art_1229661812_152960.html,3
http://lssggzy.lishui.gov.cn/art/2012/11/15/art_1229661812_152957.html,3
http://lssggzy.lishui.gov.cn/art/2012/11/14/art_1229661812_152951.html,3
http://lssggzy.lishui.gov.cn/art/2012/11/14/art_1229661812_152945.html,3
http://lssggzy.lishui.gov.cn/art/2012/11/14/art_1229661812_152948.html,3
http://lssggzy.lishui.gov.cn/art/2012/11/14/art_1229661812_152942.html,4
http://lssggzy.lishui.gov.cn/art/2012/11/14/art_1229661812_152954.html,3
http://lssggzy.lishui.gov.cn/art/2012/11/13/art_1229661812_152936.html,4
http://lssggzy.lishui.gov.cn/art/2012/11/13/art_1229661812_152939.html,3
http://lssggzy.lishui.gov.cn/art/2012/11/6/art_1229661812_152930.html,6
http://lssggzy.lishui.gov.cn/art/2012/11/6/art_1229661812_152933.html,3
http://lssggzy.lishui.gov.cn/art/2012/11/2/art_1229661812_152925.html,6
http://lssggzy.lishui.gov.cn/art/2012/11/2/art_1229661812_152923.html,5
http://lssggzy.lishui.gov.cn/art/2012/11/2/art_1229661812_152928.html,3
http://lssggzy.lishui.gov.cn/art/2012/10/31/art_1229661812_152917.html,8
http://lssggzy.lishui.gov.cn/art/2012/10/31/art_1229661812_152920.html,4
http://lssggzy.lishui.gov.cn/art/2012/10/30/art_1229661812_152913.html,4
http://lssggzy.lishui.gov.cn/art/2012/10/23/art_1229661812_152910.html,4
http://lssggzy.lishui.gov.cn/art/2012/10/22/art_1229661812_152907.html,3
http://lssggzy.lishui.gov.cn/art/2012/10/15/art_1229661812_152902.html,4
http://lssggzy.lishui.gov.cn/art/2012/10/15/art_1229661812_152903.html,4
http://lssggzy.lishui.gov.cn/art/2012/10/10/art_1229661812_152899.html,5
http://lssggzy.lishui.gov.cn/art/2012/10/9/art_1229661812_152896.html,3
http://lssggzy.lishui.gov.cn/art/2012/10/8/art_1229661812_152889.html,3
http://lssggzy.lishui.gov.cn/art/2012/10/8/art_1229661812_152885.html,3
http://lssggzy.lishui.gov.cn/art/2012/10/8/art_1229661812_152893.html,6
http://lssggzy.lishui.gov.cn/art/2012/9/29/art_1229661812_152881.html,3
http://lssggzy.lishui.gov.cn/art/2012/9/29/art_1229661812_152877.html,4
http://lssggzy.lishui.gov.cn/art/2012/9/28/art_1229661812_152863.html,6
http://lssggzy.lishui.gov.cn/art/2012/9/28/art_1229661812_152866.html,4
http://lssggzy.lishui.gov.cn/art/2012/9/28/art_1229661812_152871.html,6
http://lssggzy.lishui.gov.cn/art/2012/9/26/art_1229661812_152859.html,6
http://lssggzy.lishui.gov.cn/art/2012/9/25/art_1229661812_152856.html,3
http://lssggzy.lishui.gov.cn/art/2012/9/24/art_1229661812_152844.html,3
http://lssggzy.lishui.gov.cn/art/2012/9/24/art_1229661812_152853.html,3
http://lssggzy.lishui.gov.cn/art/2012/9/24/art_1229661812_152847.html,3
http://lssggzy.lishui.gov.cn/art/2012/9/24/art_1229661812_152850.html,3
http://lssggzy.lishui.gov.cn/art/2012/9/21/art_1229661812_152841.html,4
http://lssggzy.lishui.gov.cn/art/2012/9/20/art_1229661812_152838.html,3
http://lssggzy.lishui.gov.cn/art/2012/9/20/art_1229661812_152832.html,3
http://lssggzy.lishui.gov.cn/art/2012/9/20/art_1229661812_152835.html,4
http://lssggzy.lishui.gov.cn/art/2012/9/18/art_1229661812_152829.html,5
http://lssggzy.lishui.gov.cn/art/2012/9/13/art_1229661812_152826.html,4
http://lssggzy.lishui.gov.cn/art/2012/9/13/art_1229661812_152823.html,5
http://lssggzy.lishui.gov.cn/art/2012/9/11/art_1229661812_152814.html,4
http://lssggzy.lishui.gov.cn/art/2012/9/11/art_1229661812_152820.html,3
http://lssggzy.lishui.gov.cn/art/2012/9/11/art_1229661812_152817.html,4
http://lssggzy.lishui.gov.cn/art/2012/9/10/art_1229661812_152805.html,3
http://lssggzy.lishui.gov.cn/art/2012/9/10/art_1229661812_152811.html,3
http://lssggzy.lishui.gov.cn/art/2012/9/10/art_1229661812_152808.html,3
http://lssggzy.lishui.gov.cn/art/2012/9/7/art_1229661812_152802.html,3
http://lssggzy.lishui.gov.cn/art/2012/9/7/art_1229661812_152799.html,3
http://lssggzy.lishui.gov.cn/art/2012/9/6/art_1229661812_152796.html,8
http://lssggzy.lishui.gov.cn/art/2012/9/5/art_1229661812_152793.html,3
http://lssggzy.lishui.gov.cn/art/2012/9/5/art_1229661812_152790.html,3
http://lssggzy.lishui.gov.cn/art/2012/9/5/art_1229661812_152787.html,3
http://lssggzy.lishui.gov.cn/art/2012/9/4/art_1229661812_152784.html,4
http://lssggzy.lishui.gov.cn/art/2012/9/4/art_1229661812_152781.html,3
http://lssggzy.lishui.gov.cn/art/2012/9/3/art_1229661812_152778.html,3
http://lssggzy.lishui.gov.cn/art/2012/8/31/art_1229661812_152775.html,4
http://lssggzy.lishui.gov.cn/art/2012/8/31/art_1229661812_152773.html,3
http://lssggzy.lishui.gov.cn/art/2012/8/30/art_1229661812_152770.html,5
http://lssggzy.lishui.gov.cn/art/2012/8/29/art_1229661812_152767.html,3
http://lssggzy.lishui.gov.cn/art/2012/8/29/art_1229661812_152765.html,8
http://lssggzy.lishui.gov.cn/art/2012/8/28/art_1229661812_152763.html,3
http://lssggzy.lishui.gov.cn/art/2012/8/28/art_1229661812_152761.html,3
http://lssggzy.lishui.gov.cn/art/2012/8/27/art_1229661812_152759.html,3
http://lssggzy.lishui.gov.cn/art/2012/8/24/art_1229661812_152755.html,7
http://lssggzy.lishui.gov.cn/art/2012/8/24/art_1229661812_152757.html,3
http://lssggzy.lishui.gov.cn/art/2012/8/21/art_1229661812_152753.html,6
http://lssggzy.lishui.gov.cn/art/2012/8/17/art_1229661812_152740.html,3
http://lssggzy.lishui.gov.cn/art/2012/8/17/art_1229661812_152749.html,9
http://lssggzy.lishui.gov.cn/art/2012/8/17/art_1229661812_152751.html,5
http://lssggzy.lishui.gov.cn/art/2012/8/17/art_1229661812_152746.html,11
http://lssggzy.lishui.gov.cn/art/2012/8/17/art_1229661812_152743.html,8
http://lssggzy.lishui.gov.cn/art/2012/8/16/art_1229661812_152737.html,7
http://lssggzy.lishui.gov.cn/art/2012/8/15/art_1229661812_152734.html,4
http://lssggzy.lishui.gov.cn/art/2012/8/13/art_1229661812_152731.html,3
http://lssggzy.lishui.gov.cn/art/2012/8/10/art_1229661812_152726.html,3
http://lssggzy.lishui.gov.cn/art/2012/8/3/art_1229661812_152723.html,5
http://lssggzy.lishui.gov.cn/art/2012/8/2/art_1229661812_152717.html,6
http://lssggzy.lishui.gov.cn/art/2012/8/2/art_1229661812_152720.html,5
http://lssggzy.lishui.gov.cn/art/2012/8/1/art_1229661812_152715.html,4
http://lssggzy.lishui.gov.cn/art/2012/7/27/art_1229661812_152712.html,4
http://lssggzy.lishui.gov.cn/art/2012/7/26/art_1229661812_152709.html,4
http://lssggzy.lishui.gov.cn/art/2012/7/26/art_1229661812_152706.html,36
http://lssggzy.lishui.gov.cn/art/2012/7/19/art_1229661812_152700.html,3
http://lssggzy.lishui.gov.cn/art/2012/7/19/art_1229661812_152703.html,3
http://lssggzy.lishui.gov.cn/art/2012/7/18/art_1229661812_152697.html,9
http://lssggzy.lishui.gov.cn/art/2012/7/17/art_1229661812_152694.html,3
http://lssggzy.lishui.gov.cn/art/2012/7/17/art_1229661812_152688.html,3
http://lssggzy.lishui.gov.cn/art/2012/7/17/art_1229661812_152691.html,3
http://lssggzy.lishui.gov.cn/art/2012/7/13/art_1229661812_152685.html,7
http://lssggzy.lishui.gov.cn/art/2012/7/12/art_1229661812_152682.html,8
http://lssggzy.lishui.gov.cn/art/2012/7/10/art_1229661812_152679.html,3
http://lssggzy.lishui.gov.cn/art/2012/7/10/art_1229661812_152676.html,3
http://lssggzy.lishui.gov.cn/art/2012/7/9/art_1229661812_152673.html,4
http://lssggzy.lishui.gov.cn/art/2012/7/5/art_1229661812_152670.html,3
http://lssggzy.lishui.gov.cn/art/2012/7/3/art_1229661812_152666.html,3
http://lssggzy.lishui.gov.cn/art/2012/7/2/art_1229661812_152660.html,21
http://lssggzy.lishui.gov.cn/art/2012/7/2/art_1229661812_152663.html,6
http://lssggzy.lishui.gov.cn/art/2012/6/29/art_1229661812_152658.html,4
http://lssggzy.lishui.gov.cn/art/2012/6/29/art_1229661812_152654.html,3
http://lssggzy.lishui.gov.cn/art/2012/6/29/art_1229661812_152651.html,3
http://lssggzy.lishui.gov.cn/art/2012/6/29/art_1229661812_152649.html,3
http://lssggzy.lishui.gov.cn/art/2012/6/27/art_1229661812_152645.html,5
http://lssggzy.lishui.gov.cn/art/2012/6/21/art_1229661812_152642.html,5
http://lssggzy.lishui.gov.cn/art/2012/6/21/art_1229661812_152639.html,28
http://lssggzy.lishui.gov.cn/art/2012/6/21/art_1229661812_152636.html,4
http://lssggzy.lishui.gov.cn/art/2012/6/19/art_1229661812_152633.html,4
http://lssggzy.lishui.gov.cn/art/2012/6/18/art_1229661812_152631.html,3
http://lssggzy.lishui.gov.cn/art/2012/6/18/art_1229661812_152627.html,6
http://lssggzy.lishui.gov.cn/art/2012/6/15/art_1229661812_152624.html,4
http://lssggzy.lishui.gov.cn/art/2012/6/14/art_1229661812_152618.html,9
http://lssggzy.lishui.gov.cn/art/2012/6/14/art_1229661812_152621.html,3
http://lssggzy.lishui.gov.cn/art/2012/6/8/art_1229661812_152615.html,5
http://lssggzy.lishui.gov.cn/art/2012/6/6/art_1229661812_152612.html,3
http://lssggzy.lishui.gov.cn/art/2012/6/1/art_1229661812_152609.html,7
http://lssggzy.lishui.gov.cn/art/2012/5/29/art_1229661812_152605.html,3
http://lssggzy.lishui.gov.cn/art/2012/5/29/art_1229661812_152601.html,3
http://lssggzy.lishui.gov.cn/art/2012/5/25/art_1229661812_152597.html,4
http://lssggzy.lishui.gov.cn/art/2012/5/24/art_1229661812_152593.html,3
http://lssggzy.lishui.gov.cn/art/2012/5/23/art_1229661812_152589.html,4
http://lssggzy.lishui.gov.cn/art/2012/5/22/art_1229661812_152585.html,4
http://lssggzy.lishui.gov.cn/art/2012/5/21/art_1229661812_152581.html,4
http://lssggzy.lishui.gov.cn/art/2012/5/18/art_1229661812_152570.html,3
http://lssggzy.lishui.gov.cn/art/2012/5/18/art_1229661812_152578.html,5
http://lssggzy.lishui.gov.cn/art/2012/5/18/art_1229661812_152574.html,6
http://lssggzy.lishui.gov.cn/art/2012/5/17/art_1229661812_152563.html,90
http://lssggzy.lishui.gov.cn/art/2012/5/16/art_1229661812_152559.html,3
http://lssggzy.lishui.gov.cn/art/2012/5/15/art_1229661812_152552.html,4
http://lssggzy.lishui.gov.cn/art/2012/5/15/art_1229661812_152555.html,5
http://lssggzy.lishui.gov.cn/art/2012/5/9/art_1229661812_152548.html,3
http://lssggzy.lishui.gov.cn/art/2012/5/8/art_1229661812_152543.html,4
http://lssggzy.lishui.gov.cn/art/2012/5/4/art_1229661812_152539.html,6
http://lssggzy.lishui.gov.cn/art/2012/5/3/art_1229661812_152535.html,3
http://lssggzy.lishui.gov.cn/art/2012/4/19/art_1229661812_152527.html,3
http://lssggzy.lishui.gov.cn/art/2012/4/19/art_1229661812_152531.html,3
http://lssggzy.lishui.gov.cn/art/2012/4/12/art_1229661812_152523.html,4
http://lssggzy.lishui.gov.cn/art/2012/4/11/art_1229661812_152519.html,5
http://lssggzy.lishui.gov.cn/art/2012/4/10/art_1229661812_152515.html,6
http://lssggzy.lishui.gov.cn/art/2012/4/9/art_1229661812_152510.html,3
http://lssggzy.lishui.gov.cn/art/2012/4/6/art_1229661812_152506.html,4
http://lssggzy.lishui.gov.cn/art/2012/4/5/art_1229661812_152502.html,3
http://lssggzy.lishui.gov.cn/art/2012/4/1/art_1229661812_152498.html,4
http://lssggzy.lishui.gov.cn/art/2012/3/31/art_1229661812_152494.html,3
http://lssggzy.lishui.gov.cn/art/2012/3/29/art_1229661812_152490.html,4
http://lssggzy.lishui.gov.cn/art/2012/3/27/art_1229661812_152486.html,4
http://lssggzy.lishui.gov.cn/art/2012/3/22/art_1229661812_152482.html,4
http://lssggzy.lishui.gov.cn/art/2012/3/13/art_1229661812_152475.html,3
http://lssggzy.lishui.gov.cn/art/2012/3/13/art_1229661812_152478.html,3
http://lssggzy.lishui.gov.cn/art/2012/3/7/art_1229661812_152467.html,3
http://lssggzy.lishui.gov.cn/art/2012/3/7/art_1229661812_152471.html,4
http://lssggzy.lishui.gov.cn/art/2012/3/7/art_1229661812_152463.html,6
http://lssggzy.lishui.gov.cn/art/2012/3/6/art_1229661812_152458.html,4
http://lssggzy.lishui.gov.cn/art/2012/2/29/art_1229661812_152455.html,3
http://lssggzy.lishui.gov.cn/art/2012/2/29/art_1229661812_152448.html,3
http://lssggzy.lishui.gov.cn/art/2012/2/29/art_1229661812_152451.html,3
http://lssggzy.lishui.gov.cn/art/2012/2/28/art_1229661812_152444.html,3
http://lssggzy.lishui.gov.cn/art/2012/2/27/art_1229661812_152440.html,7
http://lssggzy.lishui.gov.cn/art/2012/2/23/art_1229661812_152432.html,3
http://lssggzy.lishui.gov.cn/art/2012/2/23/art_1229661812_152436.html,5
http://lssggzy.lishui.gov.cn/art/2012/2/22/art_1229661812_152428.html,3
http://lssggzy.lishui.gov.cn/art/2012/2/21/art_1229661812_152424.html,4
http://lssggzy.lishui.gov.cn/art/2012/2/15/art_1229661812_152420.html,4
http://lssggzy.lishui.gov.cn/art/2012/2/14/art_1229661812_152417.html,4
http://lssggzy.lishui.gov.cn/art/2012/2/13/art_1229661812_152413.html,4
http://lssggzy.lishui.gov.cn/art/2012/2/13/art_1229661812_152409.html,3
http://lssggzy.lishui.gov.cn/art/2012/2/10/art_1229661812_152405.html,3
http://lssggzy.lishui.gov.cn/art/2012/2/9/art_1229661812_152401.html,3
http://lssggzy.lishui.gov.cn/art/2012/2/8/art_1229661812_152397.html,3
http://lssggzy.lishui.gov.cn/art/2012/2/8/art_1229661812_152392.html,3
http://lssggzy.lishui.gov.cn/art/2012/2/7/art_1229661812_152387.html,3
http://lssggzy.lishui.gov.cn/art/2012/2/6/art_1229661812_152383.html,3
http://lssggzy.lishui.gov.cn/art/2012/2/3/art_1229661812_152379.html,3
http://lssggzy.lishui.gov.cn/art/2012/2/2/art_1229661812_152372.html,3
http://lssggzy.lishui.gov.cn/art/2012/2/2/art_1229661812_152376.html,3
http://lssggzy.lishui.gov.cn/art/2012/1/31/art_1229661812_152368.html,4
http://lssggzy.lishui.gov.cn/art/2012/1/17/art_1229661812_152361.html,9
http://lssggzy.lishui.gov.cn/art/2012/1/17/art_1229661812_152357.html,3
http://lssggzy.lishui.gov.cn/art/2012/1/13/art_1229661812_152342.html,3
http://lssggzy.lishui.gov.cn/art/2012/1/13/art_1229661812_152353.html,3
http://lssggzy.lishui.gov.cn/art/2012/1/13/art_1229661812_152350.html,3
http://lssggzy.lishui.gov.cn/art/2012/1/13/art_1229661812_152346.html,3
http://lssggzy.lishui.gov.cn/art/2012/1/12/art_1229661812_152338.html,4
http://lssggzy.lishui.gov.cn/art/2012/1/6/art_1229661812_152334.html,3
http://lssggzy.lishui.gov.cn/art/2012/1/6/art_1229661812_152330.html,3
http://lssggzy.lishui.gov.cn/art/2012/1/4/art_1229661812_152326.html,3
http://lssggzy.lishui.gov.cn/art/2011/12/30/art_1229661812_152323.html,3
http://lssggzy.lishui.gov.cn/art/2011/12/29/art_1229661812_152319.html,3
http://lssggzy.lishui.gov.cn/art/2011/12/28/art_1229661812_152315.html,8
http://lssggzy.lishui.gov.cn/art/2011/12/27/art_1229661812_152311.html,4
http://lssggzy.lishui.gov.cn/art/2011/12/26/art_1229661812_152303.html,4
http://lssggzy.lishui.gov.cn/art/2011/12/26/art_1229661812_152307.html,2
http://lssggzy.lishui.gov.cn/art/2011/12/23/art_1229661812_152294.html,3
http://lssggzy.lishui.gov.cn/art/2011/12/23/art_1229661812_152299.html,3
http://lssggzy.lishui.gov.cn/art/2011/12/22/art_1229661812_152283.html,3
http://lssggzy.lishui.gov.cn/art/2011/12/22/art_1229661812_152287.html,4
http://lssggzy.lishui.gov.cn/art/2011/12/22/art_1229661812_152291.html,3
http://lssggzy.lishui.gov.cn/art/2011/12/21/art_1229661812_152278.html,3
http://lssggzy.lishui.gov.cn/art/2011/12/20/art_1229661812_152274.html,5
http://lssggzy.lishui.gov.cn/art/2011/12/20/art_1229661812_152270.html,4
http://lssggzy.lishui.gov.cn/art/2011/12/19/art_1229661812_152258.html,4
http://lssggzy.lishui.gov.cn/art/2011/12/19/art_1229661812_152262.html,5
http://lssggzy.lishui.gov.cn/art/2011/12/19/art_1229661812_152266.html,3
http://lssggzy.lishui.gov.cn/art/2011/12/15/art_1229661812_152246.html,3
http://lssggzy.lishui.gov.cn/art/2011/12/15/art_1229661812_152251.html,3
http://lssggzy.lishui.gov.cn/art/2011/12/15/art_1229661812_152255.html,3
http://lssggzy.lishui.gov.cn/art/2011/12/14/art_1229661812_152203.html,3
http://lssggzy.lishui.gov.cn/art/2011/12/14/art_1229661812_152223.html,3
http://lssggzy.lishui.gov.cn/art/2011/12/14/art_1229661812_152241.html,3
http://lssggzy.lishui.gov.cn/art/2011/12/14/art_1229661812_152209.html,3
http://lssggzy.lishui.gov.cn/art/2011/12/14/art_1229661812_152231.html,3
http://lssggzy.lishui.gov.cn/art/2011/12/14/art_1229661812_152218.html,3
http://lssggzy.lishui.gov.cn/art/2011/12/14/art_1229661812_152236.html,3
http://lssggzy.lishui.gov.cn/art/2011/12/14/art_1229661812_152213.html,3
http://lssggzy.lishui.gov.cn/art/2011/12/14/art_1229661812_152227.html,3
http://lssggzy.lishui.gov.cn/art/2011/12/12/art_1229661812_152198.html,3
http://lssggzy.lishui.gov.cn/art/2011/12/9/art_1229661812_152185.html,3
http://lssggzy.lishui.gov.cn/art/2011/12/9/art_1229661812_152190.html,3
http://lssggzy.lishui.gov.cn/art/2011/12/9/art_1229661812_152194.html,3
http://lssggzy.lishui.gov.cn/art/2011/12/8/art_1229661812_152175.html,3
http://lssggzy.lishui.gov.cn/art/2011/12/8/art_1229661812_152180.html,3
http://lssggzy.lishui.gov.cn/art/2011/12/2/art_1229661812_152170.html,3
http://lssggzy.lishui.gov.cn/art/2011/11/29/art_1229661812_152165.html,6
http://lssggzy.lishui.gov.cn/art/2011/11/25/art_1229661812_152160.html,3
http://lssggzy.lishui.gov.cn/art/2011/11/24/art_1229661812_152155.html,5
http://lssggzy.lishui.gov.cn/art/2011/11/24/art_1229661812_152151.html,6
http://lssggzy.lishui.gov.cn/art/2011/11/18/art_1229661812_152142.html,3
http://lssggzy.lishui.gov.cn/art/2011/11/17/art_1229661812_152137.html,3
http://lssggzy.lishui.gov.cn/art/2011/11/16/art_1229661812_152132.html,3
http://lssggzy.lishui.gov.cn/art/2011/11/16/art_1229661812_152128.html,7
http://lssggzy.lishui.gov.cn/art/2011/11/8/art_1229661812_152124.html,4
http://lssggzy.lishui.gov.cn/art/2011/11/7/art_1229661812_152119.html,5
http://lssggzy.lishui.gov.cn/art/2011/11/7/art_1229661812_152114.html,6
http://lssggzy.lishui.gov.cn/art/2011/11/1/art_1229661812_152109.html,4
http://lssggzy.lishui.gov.cn/art/2011/10/31/art_1229661812_152104.html,5
http://lssggzy.lishui.gov.cn/art/2011/10/27/art_1229661812_152099.html,3
http://lssggzy.lishui.gov.cn/art/2011/10/25/art_1229661812_152090.html,5
http://lssggzy.lishui.gov.cn/art/2011/10/25/art_1229661812_152094.html,5
http://lssggzy.lishui.gov.cn/art/2011/10/20/art_1229661812_152086.html,3
http://lssggzy.lishui.gov.cn/art/2011/10/19/art_1229661812_152082.html,5
http://lssggzy.lishui.gov.cn/art/2011/10/18/art_1229661812_152079.html,5
http://lssggzy.lishui.gov.cn/art/2011/10/18/art_1229661812_152075.html,3
http://lssggzy.lishui.gov.cn/art/2011/10/17/art_1229661812_152062.html,5
http://lssggzy.lishui.gov.cn/art/2011/10/17/art_1229661812_152066.html,5
http://lssggzy.lishui.gov.cn/art/2011/10/17/art_1229661812_152069.html,8
http://lssggzy.lishui.gov.cn/art/2011/10/12/art_1229661812_152053.html,3
http://lssggzy.lishui.gov.cn/art/2011/10/12/art_1229661812_152057.html,3
http://lssggzy.lishui.gov.cn/art/2011/10/11/art_1229661812_152042.html,6
http://lssggzy.lishui.gov.cn/art/2011/10/11/art_1229661812_152048.html,5
http://lssggzy.lishui.gov.cn/art/2011/10/11/art_1229661812_152037.html,3
http://lssggzy.lishui.gov.cn/art/2011/10/10/art_1229661812_152033.html,7
http://lssggzy.lishui.gov.cn/art/2011/10/8/art_1229661812_152017.html,3
http://lssggzy.lishui.gov.cn/art/2011/10/8/art_1229661812_152027.html,3
http://lssggzy.lishui.gov.cn/art/2011/10/8/art_1229661812_152022.html,3
http://lssggzy.lishui.gov.cn/art/2011/9/30/art_1229661812_152012.html,3
http://lssggzy.lishui.gov.cn/art/2011/9/30/art_1229661812_152007.html,3
http://lssggzy.lishui.gov.cn/art/2011/9/29/art_1229661812_152002.html,4
http://lssggzy.lishui.gov.cn/art/2011/9/28/art_1229661812_151982.html,3
http://lssggzy.lishui.gov.cn/art/2011/9/28/art_1229661812_151992.html,3
http://lssggzy.lishui.gov.cn/art/2011/9/28/art_1229661812_151987.html,3
http://lssggzy.lishui.gov.cn/art/2011/9/28/art_1229661812_151997.html,4
http://lssggzy.lishui.gov.cn/art/2011/9/28/art_1229661812_151977.html,3
http://lssggzy.lishui.gov.cn/art/2011/9/27/art_1229661812_151972.html,4
http://lssggzy.lishui.gov.cn/art/2011/9/27/art_1229661812_151967.html,3
http://lssggzy.lishui.gov.cn/art/2011/9/26/art_1229661812_151962.html,3
http://lssggzy.lishui.gov.cn/art/2011/9/22/art_1229661812_151957.html,4
http://lssggzy.lishui.gov.cn/art/2011/9/20/art_1229661812_151951.html,4
http://lssggzy.lishui.gov.cn/art/2011/9/19/art_1229661812_151945.html,4
http://lssggzy.lishui.gov.cn/art/2011/9/15/art_1229661812_151934.html,4
http://lssggzy.lishui.gov.cn/art/2011/9/14/art_1229661812_151922.html,5
http://lssggzy.lishui.gov.cn/art/2011/9/14/art_1229661812_151928.html,4
http://lssggzy.lishui.gov.cn/art/2011/9/13/art_1229661812_151917.html,5
http://lssggzy.lishui.gov.cn/art/2011/9/9/art_1229661812_151911.html,4
http://lssggzy.lishui.gov.cn/art/2011/9/7/art_1229661812_151905.html,15
http://lssggzy.lishui.gov.cn/art/2011/9/5/art_1229661812_151900.html,5
http://lssggzy.lishui.gov.cn/art/2011/9/2/art_1229661812_151894.html,5
http://lssggzy.lishui.gov.cn/art/2011/8/31/art_1229661812_151889.html,4
http://lssggzy.lishui.gov.cn/art/2011/8/29/art_1229661812_151872.html,4
http://lssggzy.lishui.gov.cn/art/2011/8/29/art_1229661812_151883.html,4
http://lssggzy.lishui.gov.cn/art/2011/8/29/art_1229661812_151879.html,4
http://lssggzy.lishui.gov.cn/art/2011/8/26/art_1229661812_151869.html,4
http://lssggzy.lishui.gov.cn/art/2011/8/25/art_1229661812_151864.html,5
http://lssggzy.lishui.gov.cn/art/2011/8/24/art_1229661812_151859.html,6
http://lssggzy.lishui.gov.cn/art/2011/8/19/art_1229661812_151844.html,6
http://lssggzy.lishui.gov.cn/art/2011/8/19/art_1229661812_151853.html,7
http://lssggzy.lishui.gov.cn/art/2011/8/19/art_1229661812_151849.html,7
http://lssggzy.lishui.gov.cn/art/2011/8/18/art_1229661812_151839.html,4
http://lssggzy.lishui.gov.cn/art/2011/8/17/art_1229661812_151823.html,6
http://lssggzy.lishui.gov.cn/art/2011/8/17/art_1229661812_151828.html,6
http://lssggzy.lishui.gov.cn/art/2011/8/17/art_1229661812_151833.html,5
http://lssggzy.lishui.gov.cn/art/2011/8/12/art_1229661812_151817.html,4
http://lssggzy.lishui.gov.cn/art/2011/8/12/art_1229661812_151812.html,4
http://lssggzy.lishui.gov.cn/art/2011/8/11/art_1229661812_151802.html,4
http://lssggzy.lishui.gov.cn/art/2011/8/11/art_1229661812_151807.html,4
http://lssggzy.lishui.gov.cn/art/2011/8/10/art_1229661812_151797.html,4
http://lssggzy.lishui.gov.cn/art/2011/8/5/art_1229661812_151787.html,4
http://lssggzy.lishui.gov.cn/art/2011/8/5/art_1229661812_151792.html,4
http://lssggzy.lishui.gov.cn/art/2011/8/5/art_1229661812_151783.html,6
http://lssggzy.lishui.gov.cn/art/2011/8/4/art_1229661812_151778.html,4
http://lssggzy.lishui.gov.cn/art/2011/8/1/art_1229661812_151772.html,3
http://lssggzy.lishui.gov.cn/art/2011/7/28/art_1229661812_151767.html,5
http://lssggzy.lishui.gov.cn/art/2011/7/27/art_1229661812_151764.html,4
http://lssggzy.lishui.gov.cn/art/2011/7/27/art_1229661812_151760.html,4
http://lssggzy.lishui.gov.cn/art/2011/7/26/art_1229661812_151755.html,4
http://lssggzy.lishui.gov.cn/art/2011/7/25/art_1229661812_151750.html,4
http://lssggzy.lishui.gov.cn/art/2011/7/14/art_1229661812_151745.html,4
http://lssggzy.lishui.gov.cn/art/2011/7/13/art_1229661812_151740.html,6
http://lssggzy.lishui.gov.cn/art/2011/7/12/art_1229661812_151734.html,6
http://lssggzy.lishui.gov.cn/art/2011/7/11/art_1229661812_151724.html,8
http://lssggzy.lishui.gov.cn/art/2011/7/11/art_1229661812_151729.html,4
http://lssggzy.lishui.gov.cn/art/2011/7/8/art_1229661812_151714.html,4
http://lssggzy.lishui.gov.cn/art/2011/7/8/art_1229661812_151719.html,4
http://lssggzy.lishui.gov.cn/art/2011/7/7/art_1229661812_151708.html,4
http://lssggzy.lishui.gov.cn/art/2011/7/5/art_1229661812_151704.html,4
http://lssggzy.lishui.gov.cn/art/2011/7/4/art_1229661812_151700.html,3
http://lssggzy.lishui.gov.cn/art/2011/7/4/art_1229661812_151696.html,6
http://lssggzy.lishui.gov.cn/art/2011/7/1/art_1229661812_151692.html,4
http://lssggzy.lishui.gov.cn/art/2011/6/24/art_1229661812_151688.html,3
http://lssggzy.lishui.gov.cn/art/2011/6/24/art_1229661812_151684.html,5
http://lssggzy.lishui.gov.cn/art/2011/6/23/art_1229661812_151676.html,7
http://lssggzy.lishui.gov.cn/art/2011/6/23/art_1229661812_151680.html,4
http://lssggzy.lishui.gov.cn/art/2011/6/17/art_1229661812_151672.html,4
http://lssggzy.lishui.gov.cn/art/2011/6/17/art_1229661812_151668.html,15
http://lssggzy.lishui.gov.cn/art/2011/6/16/art_1229661812_151665.html,4
http://lssggzy.lishui.gov.cn/art/2011/6/14/art_1229661812_151660.html,4
http://lssggzy.lishui.gov.cn/art/2011/6/9/art_1229661812_151650.html,8
http://lssggzy.lishui.gov.cn/art/2011/6/8/art_1229661812_151643.html,4
http://lssggzy.lishui.gov.cn/art/2011/6/8/art_1229661812_151646.html,4
http://lssggzy.lishui.gov.cn/art/2011/5/27/art_1229661812_151639.html,4
http://lssggzy.lishui.gov.cn/art/2011/5/25/art_1229661812_151633.html,4
http://lssggzy.lishui.gov.cn/art/2011/5/24/art_1229661812_151630.html,3
http://lssggzy.lishui.gov.cn/art/2011/5/20/art_1229661812_151625.html,4
http://lssggzy.lishui.gov.cn/art/2011/5/19/art_1229661812_151610.html,6
http://lssggzy.lishui.gov.cn/art/2011/5/19/art_1229661812_151620.html,6
http://lssggzy.lishui.gov.cn/art/2011/5/19/art_1229661812_151615.html,4
http://lssggzy.lishui.gov.cn/art/2011/5/17/art_1229661812_151605.html,4
http://lssggzy.lishui.gov.cn/art/2011/5/12/art_1229661812_151590.html,5
http://lssggzy.lishui.gov.cn/art/2011/5/12/art_1229661812_151600.html,3
http://lssggzy.lishui.gov.cn/art/2011/5/12/art_1229661812_151595.html,5
http://lssggzy.lishui.gov.cn/art/2011/5/11/art_1229661812_151584.html,4
http://lssggzy.lishui.gov.cn/art/2011/5/10/art_1229661812_151579.html,4
http://lssggzy.lishui.gov.cn/art/2011/5/9/art_1229661812_151575.html,4
http://lssggzy.lishui.gov.cn/art/2011/5/5/art_1229661812_151569.html,5
http://lssggzy.lishui.gov.cn/art/2011/5/4/art_1229661812_151565.html,4
http://lssggzy.lishui.gov.cn/art/2011/5/3/art_1229661812_151560.html,4
http://lssggzy.lishui.gov.cn/art/2011/4/29/art_1229661812_151550.html,5
http://lssggzy.lishui.gov.cn/art/2011/4/29/art_1229661812_151555.html,5
http://lssggzy.lishui.gov.cn/art/2011/4/29/art_1229661812_151544.html,4
http://lssggzy.lishui.gov.cn/art/2011/4/28/art_1229661812_151539.html,4
http://lssggzy.lishui.gov.cn/art/2011/4/25/art_1229661812_151534.html,0
http://lssggzy.lishui.gov.cn/art/2011/4/22/art_1229661812_151528.html,4
http://lssggzy.lishui.gov.cn/art/2011/4/22/art_1229661812_151523.html,4
http://lssggzy.lishui.gov.cn/art/2011/4/21/art_1229661812_151518.html,4
http://lssggzy.lishui.gov.cn/art/2011/4/20/art_1229661812_151512.html,31
http://lssggzy.lishui.gov.cn/art/2011/4/20/art_1229661812_151506.html,5
http://lssggzy.lishui.gov.cn/art/2011/4/18/art_1229661812_151501.html,5
http://lssggzy.lishui.gov.cn/art/2011/4/11/art_1229661812_151487.html,0
http://lssggzy.lishui.gov.cn/art/2011/4/11/art_1229661812_151497.html,0
http://lssggzy.lishui.gov.cn/art/2011/4/11/art_1229661812_151492.html,0
http://lssggzy.lishui.gov.cn/art/2011/4/8/art_1229661812_151475.html,0
http://lssggzy.lishui.gov.cn/art/2011/4/8/art_1229661812_151469.html,4
http://lssggzy.lishui.gov.cn/art/2011/4/8/art_1229661812_151481.html,5
http://lssggzy.lishui.gov.cn/art/2011/4/2/art_1229661812_151463.html,0
http://lssggzy.lishui.gov.cn/art/2011/4/1/art_1229661812_151457.html,0
http://lssggzy.lishui.gov.cn/art/2011/3/31/art_1229661812_151445.html,0
http://lssggzy.lishui.gov.cn/art/2011/3/31/art_1229661812_151451.html,4
http://lssggzy.lishui.gov.cn/art/2011/3/29/art_1229661812_151439.html,0
http://lssggzy.lishui.gov.cn/art/2011/3/25/art_1229661812_151427.html,0
http://lssggzy.lishui.gov.cn/art/2011/3/25/art_1229661812_151421.html,6
http://lssggzy.lishui.gov.cn/art/2011/3/25/art_1229661812_151433.html,3
http://lssggzy.lishui.gov.cn/art/2011/3/21/art_1229661812_151415.html,0
http://lssggzy.lishui.gov.cn/art/2011/3/17/art_1229661812_151393.html,0
http://lssggzy.lishui.gov.cn/art/2011/3/17/art_1229661812_151405.html,4
http://lssggzy.lishui.gov.cn/art/2011/3/17/art_1229661812_151398.html,4
http://lssggzy.lishui.gov.cn/art/2011/3/17/art_1229661812_151410.html,4
http://lssggzy.lishui.gov.cn/art/2011/3/14/art_1229661812_151382.html,0
http://lssggzy.lishui.gov.cn/art/2011/3/11/art_1229661812_151376.html,0
http://lssggzy.lishui.gov.cn/art/2011/3/7/art_1229661812_151370.html,0
http://lssggzy.lishui.gov.cn/art/2011/3/4/art_1229661812_151365.html,6
http://lssggzy.lishui.gov.cn/art/2011/3/2/art_1229661812_151359.html,4
http://lssggzy.lishui.gov.cn/art/2011/2/28/art_1229661812_151353.html,4
http://lssggzy.lishui.gov.cn/art/2011/2/25/art_1229661812_151348.html,0
http://lssggzy.lishui.gov.cn/art/2011/2/22/art_1229661812_151344.html,8
http://lssggzy.lishui.gov.cn/art/2011/2/21/art_1229661812_151338.html,28
http://lssggzy.lishui.gov.cn/art/2011/2/18/art_1229661812_151333.html,0
http://lssggzy.lishui.gov.cn/art/2011/2/17/art_1229661812_151321.html,0
http://lssggzy.lishui.gov.cn/art/2011/2/17/art_1229661812_151327.html,13
http://lssggzy.lishui.gov.cn/art/2011/2/15/art_1229661812_151314.html,0
http://lssggzy.lishui.gov.cn/art/2011/2/15/art_1229661812_151309.html,0
http://lssggzy.lishui.gov.cn/art/2011/1/19/art_1229661812_151303.html,0
http://lssggzy.lishui.gov.cn/art/2011/1/18/art_1229661812_151297.html,7
http://lssggzy.lishui.gov.cn/art/2011/1/11/art_1229661812_151291.html,4
http://lssggzy.lishui.gov.cn/art/2011/1/11/art_1229661812_151285.html,3
http://lssggzy.lishui.gov.cn/art/2011/1/10/art_1229661812_151278.html,5
http://lssggzy.lishui.gov.cn/art/2011/1/7/art_1229661812_151272.html,0
http://lssggzy.lishui.gov.cn/art/2011/1/7/art_1229661812_151266.html,0
http://lssggzy.lishui.gov.cn/art/2011/1/6/art_1229661812_151260.html,4
http://lssggzy.lishui.gov.cn/art/2011/1/5/art_1229661812_151254.html,0
http://lssggzy.lishui.gov.cn/art/2010/12/27/art_1229661812_151248.html,3
http://lssggzy.lishui.gov.cn/art/2010/12/27/art_1229661812_151243.html,7
http://lssggzy.lishui.gov.cn/art/2010/12/27/art_1229661812_151237.html,0
http://lssggzy.lishui.gov.cn/art/2010/12/23/art_1229661812_151227.html,0
http://lssggzy.lishui.gov.cn/art/2010/12/23/art_1229661812_151232.html,0
http://lssggzy.lishui.gov.cn/art/2010/12/22/art_1229661812_151222.html,0
http://lssggzy.lishui.gov.cn/art/2010/12/22/art_1229661812_151216.html,0
http://lssggzy.lishui.gov.cn/art/2010/12/21/art_1229661812_151212.html,0
http://lssggzy.lishui.gov.cn/art/2010/12/20/art_1229661812_151205.html,0
http://lssggzy.lishui.gov.cn/art/2010/12/17/art_1229661812_151199.html,0
http://lssggzy.lishui.gov.cn/art/2010/12/16/art_1229661812_151193.html,5
http://lssggzy.lishui.gov.cn/art/2010/12/15/art_1229661812_151166.html,6
http://lssggzy.lishui.gov.cn/art/2010/12/15/art_1229661812_151171.html,0
http://lssggzy.lishui.gov.cn/art/2010/12/15/art_1229661812_151183.html,0
http://lssggzy.lishui.gov.cn/art/2010/12/15/art_1229661812_151189.html,0
http://lssggzy.lishui.gov.cn/art/2010/12/15/art_1229661812_151177.html,0
http://lssggzy.lishui.gov.cn/art/2010/12/9/art_1229661812_151161.html,0
http://lssggzy.lishui.gov.cn/art/2010/12/7/art_1229661812_151156.html,0
http://lssggzy.lishui.gov.cn/art/2010/12/6/art_1229661812_151151.html,4
http://lssggzy.lishui.gov.cn/art/2010/12/6/art_1229661812_151145.html,0
http://lssggzy.lishui.gov.cn/art/2010/12/3/art_1229661812_151139.html,0
http://lssggzy.lishui.gov.cn/art/2010/12/3/art_1229661812_151133.html,6
http://lssggzy.lishui.gov.cn/art/2010/12/2/art_1229661812_151127.html,0
http://lssggzy.lishui.gov.cn/art/2010/11/26/art_1229661812_151121.html,0
http://lssggzy.lishui.gov.cn/art/2010/11/26/art_1229661812_151115.html,0
http://lssggzy.lishui.gov.cn/art/2010/11/25/art_1229661812_151109.html,0
http://lssggzy.lishui.gov.cn/art/2010/11/25/art_1229661812_151103.html,0
http://lssggzy.lishui.gov.cn/art/2010/11/22/art_1229661812_151087.html,0
http://lssggzy.lishui.gov.cn/art/2010/11/22/art_1229661812_151093.html,7
http://lssggzy.lishui.gov.cn/art/2010/11/19/art_1229661812_151081.html,4
http://lssggzy.lishui.gov.cn/art/2010/11/4/art_1229661812_151077.html,5
http://lssggzy.lishui.gov.cn/art/2010/11/3/art_1229661812_151071.html,0
http://lssggzy.lishui.gov.cn/art/2010/11/1/art_1229661812_151064.html,0
http://lssggzy.lishui.gov.cn/art/2010/10/25/art_1229661812_151051.html,12
http://lssggzy.lishui.gov.cn/art/2010/10/25/art_1229661812_151059.html,0
http://lssggzy.lishui.gov.cn/art/2010/10/22/art_1229661812_151044.html,0
http://lssggzy.lishui.gov.cn/art/2010/10/21/art_1229661812_151031.html,0
http://lssggzy.lishui.gov.cn/art/2010/10/21/art_1229661812_151037.html,6
http://lssggzy.lishui.gov.cn/art/2010/10/19/art_1229661812_151025.html,4
http://lssggzy.lishui.gov.cn/art/2010/10/19/art_1229661812_151019.html,0
http://lssggzy.lishui.gov.cn/art/2010/10/18/art_1229661812_151013.html,0
http://lssggzy.lishui.gov.cn/art/2010/10/15/art_1229661812_151007.html,0
http://lssggzy.lishui.gov.cn/art/2010/10/13/art_1229661812_151001.html,0
http://lssggzy.lishui.gov.cn/art/2010/10/12/art_1229661812_150990.html,6
http://lssggzy.lishui.gov.cn/art/2010/10/12/art_1229661812_150996.html,0
http://lssggzy.lishui.gov.cn/art/2010/10/9/art_1229661812_150984.html,0
http://lssggzy.lishui.gov.cn/art/2010/10/9/art_1229661812_150966.html,0
http://lssggzy.lishui.gov.cn/art/2010/10/9/art_1229661812_150978.html,0
http://lssggzy.lishui.gov.cn/art/2010/10/9/art_1229661812_150972.html,8
http://lssggzy.lishui.gov.cn/art/2010/10/8/art_1229661812_150961.html,6
http://lssggzy.lishui.gov.cn/art/2010/9/30/art_1229661812_150955.html,5
http://lssggzy.lishui.gov.cn/art/2010/9/28/art_1229661812_150943.html,0
http://lssggzy.lishui.gov.cn/art/2010/9/28/art_1229661812_150949.html,5
http://lssggzy.lishui.gov.cn/art/2010/9/27/art_1229661812_150937.html,0
http://lssggzy.lishui.gov.cn/art/2010/9/21/art_1229661812_150931.html,0
http://lssggzy.lishui.gov.cn/art/2010/9/19/art_1229661812_150925.html,0
http://lssggzy.lishui.gov.cn/art/2010/9/10/art_1229661812_150919.html,7
http://lssggzy.lishui.gov.cn/art/2010/9/1/art_1229661812_150914.html,0
http://lssggzy.lishui.gov.cn/art/2010/8/25/art_1229661812_150909.html,4
http://lssggzy.lishui.gov.cn/art/2010/8/25/art_1229661812_150904.html,4
http://lssggzy.lishui.gov.cn/art/2010/8/24/art_1229661812_150898.html,6
http://lssggzy.lishui.gov.cn/art/2010/8/23/art_1229661812_150887.html,0
http://lssggzy.lishui.gov.cn/art/2010/8/23/art_1229661812_150882.html,7
http://lssggzy.lishui.gov.cn/art/2010/8/23/art_1229661812_150892.html,4
http://lssggzy.lishui.gov.cn/art/2010/8/13/art_1229661812_150877.html,0
http://lssggzy.lishui.gov.cn/art/2010/8/13/art_1229661812_150873.html,0
http://lssggzy.lishui.gov.cn/art/2010/8/9/art_1229661812_150867.html,0
http://lssggzy.lishui.gov.cn/art/2010/8/9/art_1229661812_150862.html,4
http://lssggzy.lishui.gov.cn/art/2010/8/9/art_1229661812_150857.html,0
http://lssggzy.lishui.gov.cn/art/2010/8/2/art_1229661812_150852.html,5
http://lssggzy.lishui.gov.cn/art/2010/7/30/art_1229661812_150847.html,6
http://lssggzy.lishui.gov.cn/art/2010/7/30/art_1229661812_150842.html,0
http://lssggzy.lishui.gov.cn/art/2010/7/29/art_1229661812_150830.html,10
http://lssggzy.lishui.gov.cn/art/2010/7/29/art_1229661812_150825.html,3
http://lssggzy.lishui.gov.cn/art/2010/7/29/art_1229661812_150836.html,6
http://lssggzy.lishui.gov.cn/art/2010/7/28/art_1229661812_150819.html,0
http://lssggzy.lishui.gov.cn/art/2010/7/26/art_1229661812_150795.html,9
http://lssggzy.lishui.gov.cn/art/2010/7/26/art_1229661812_150813.html,0
http://lssggzy.lishui.gov.cn/art/2010/7/26/art_1229661812_150802.html,0
http://lssggzy.lishui.gov.cn/art/2010/7/22/art_1229661812_150786.html,5
http://lssggzy.lishui.gov.cn/art/2010/7/22/art_1229661812_150790.html,4
http://lssggzy.lishui.gov.cn/art/2010/7/21/art_1229661812_150781.html,9
http://lssggzy.lishui.gov.cn/art/2010/7/20/art_1229661812_150776.html,0
http://lssggzy.lishui.gov.cn/art/2010/7/19/art_1229661812_150771.html,5
http://lssggzy.lishui.gov.cn/art/2010/7/15/art_1229661812_150766.html,7
http://lssggzy.lishui.gov.cn/art/2010/7/13/art_1229661812_150755.html,4
http://lssggzy.lishui.gov.cn/art/2010/7/13/art_1229661812_150761.html,5
http://lssggzy.lishui.gov.cn/art/2010/7/12/art_1229661812_150750.html,4
http://lssggzy.lishui.gov.cn/art/2010/7/8/art_1229661812_150742.html,4
http://lssggzy.lishui.gov.cn/art/2010/7/8/art_1229661812_150747.html,4
http://lssggzy.lishui.gov.cn/art/2010/7/7/art_1229661812_150736.html,8
http://lssggzy.lishui.gov.cn/art/2010/7/6/art_1229661812_150730.html,8
http://lssggzy.lishui.gov.cn/art/2010/7/5/art_1229661812_150724.html,7
http://lssggzy.lishui.gov.cn/art/2010/7/1/art_1229661812_150711.html,6
http://lssggzy.lishui.gov.cn/art/2010/7/1/art_1229661812_150704.html,6
http://lssggzy.lishui.gov.cn/art/2010/7/1/art_1229661812_150717.html,6
http://lssggzy.lishui.gov.cn/art/2010/6/30/art_1229661812_150699.html,8
http://lssggzy.lishui.gov.cn/art/2010/6/30/art_1229661812_150695.html,6
http://lssggzy.lishui.gov.cn/art/2010/6/30/art_1229661812_150690.html,11
http://lssggzy.lishui.gov.cn/art/2010/6/29/art_1229661812_150685.html,6
http://lssggzy.lishui.gov.cn/art/2010/6/28/art_1229661812_150679.html,11
http://lssggzy.lishui.gov.cn/art/2010/6/25/art_1229661812_150674.html,3
http://lssggzy.lishui.gov.cn/art/2010/6/23/art_1229661812_150668.html,0
http://lssggzy.lishui.gov.cn/art/2010/6/23/art_1229661812_150662.html,0
http://lssggzy.lishui.gov.cn/art/2010/6/22/art_1229661812_150656.html,7
http://lssggzy.lishui.gov.cn/art/2010/6/21/art_1229661812_150650.html,0
http://lssggzy.lishui.gov.cn/art/2010/6/13/art_1229661812_150644.html,7
http://lssggzy.lishui.gov.cn/art/2010/6/13/art_1229661812_150633.html,7
http://lssggzy.lishui.gov.cn/art/2010/6/13/art_1229661812_150638.html,7
http://lssggzy.lishui.gov.cn/art/2010/6/10/art_1229661812_150629.html,4
http://lssggzy.lishui.gov.cn/art/2010/6/8/art_1229661812_150624.html,0
http://lssggzy.lishui.gov.cn/art/2010/6/7/art_1229661812_150612.html,3
http://lssggzy.lishui.gov.cn/art/2010/6/7/art_1229661812_150617.html,10
http://lssggzy.lishui.gov.cn/art/2010/6/3/art_1229661812_150606.html,0
http://lssggzy.lishui.gov.cn/art/2010/6/1/art_1229661812_150592.html,7
http://lssggzy.lishui.gov.cn/art/2010/6/1/art_1229661812_150600.html,4
http://lssggzy.lishui.gov.cn/art/2010/5/29/art_1229661812_150586.html,0
http://lssggzy.lishui.gov.cn/art/2010/5/28/art_1229661812_150578.html,4
http://lssggzy.lishui.gov.cn/art/2010/5/28/art_1229661812_150573.html,4
http://lssggzy.lishui.gov.cn/art/2010/5/25/art_1229661812_150558.html,8
http://lssggzy.lishui.gov.cn/art/2010/5/25/art_1229661812_150566.html,3
http://lssggzy.lishui.gov.cn/art/2010/5/20/art_1229661812_150551.html,5
http://lssggzy.lishui.gov.cn/art/2010/5/17/art_1229661812_150545.html,0
http://lssggzy.lishui.gov.cn/art/2010/5/11/art_1229661812_150538.html,3
http://lssggzy.lishui.gov.cn/art/2010/5/7/art_1229661812_150531.html,0
http://lssggzy.lishui.gov.cn/art/2010/5/4/art_1229661812_150525.html,0
http://lssggzy.lishui.gov.cn/art/2010/4/30/art_1229661812_150519.html,16
http://lssggzy.lishui.gov.cn/art/2010/4/26/art_1229661812_150502.html,6
http://lssggzy.lishui.gov.cn/art/2010/4/26/art_1229661812_150508.html,6
http://lssggzy.lishui.gov.cn/art/2010/4/14/art_1229661812_150496.html,0
http://lssggzy.lishui.gov.cn/art/2010/4/13/art_1229661812_150484.html,0
http://lssggzy.lishui.gov.cn/art/2010/4/13/art_1229661812_150489.html,0
http://lssggzy.lishui.gov.cn/art/2010/4/12/art_1229661812_150477.html,0
http://lssggzy.lishui.gov.cn/art/2010/4/8/art_1229661812_150455.html,0
http://lssggzy.lishui.gov.cn/art/2010/4/8/art_1229661812_150469.html,0
http://lssggzy.lishui.gov.cn/art/2010/4/8/art_1229661812_150461.html,0
http://lssggzy.lishui.gov.cn/art/2010/3/30/art_1229661812_150449.html,0
http://lssggzy.lishui.gov.cn/art/2010/3/29/art_1229661812_150443.html,4
http://lssggzy.lishui.gov.cn/art/2010/3/26/art_1229661812_150437.html,6
http://lssggzy.lishui.gov.cn/art/2010/3/25/art_1229661812_150431.html,0
http://lssggzy.lishui.gov.cn/art/2010/3/25/art_1229661812_150425.html,0
http://lssggzy.lishui.gov.cn/art/2010/3/25/art_1229661812_150418.html,4
http://lssggzy.lishui.gov.cn/art/2010/3/24/art_1229661812_150411.html,6
http://lssggzy.lishui.gov.cn/art/2010/3/24/art_1229661812_150398.html,6
http://lssggzy.lishui.gov.cn/art/2010/3/24/art_1229661812_150405.html,0
http://lssggzy.lishui.gov.cn/art/2010/3/24/art_1229661812_150395.html,5
http://lssggzy.lishui.gov.cn/art/2010/3/22/art_1229661812_150387.html,7
http://lssggzy.lishui.gov.cn/art/2010/3/11/art_1229661812_150381.html,0
http://lssggzy.lishui.gov.cn/art/2010/3/11/art_1229661812_150374.html,4
http://lssggzy.lishui.gov.cn/art/2010/3/5/art_1229661812_150359.html,0
http://lssggzy.lishui.gov.cn/art/2010/3/5/art_1229661812_150352.html,0
http://lssggzy.lishui.gov.cn/art/2010/3/5/art_1229661812_150368.html,0
http://lssggzy.lishui.gov.cn/art/2010/3/4/art_1229661812_150346.html,5
http://lssggzy.lishui.gov.cn/art/2010/3/2/art_1229661812_150341.html,7
http://lssggzy.lishui.gov.cn/art/2010/2/25/art_1229661812_150335.html,4
http://lssggzy.lishui.gov.cn/art/2010/2/8/art_1229661812_150329.html,7
http://lssggzy.lishui.gov.cn/art/2010/2/4/art_1229661812_150323.html,4
http://lssggzy.lishui.gov.cn/art/2010/1/22/art_1229661812_150312.html,4
http://lssggzy.lishui.gov.cn/art/2010/1/22/art_1229661812_150305.html,3
http://lssggzy.lishui.gov.cn/art/2010/1/22/art_1229661812_150299.html,4
http://lssggzy.lishui.gov.cn/art/2010/1/21/art_1229661812_150293.html,6
http://lssggzy.lishui.gov.cn/art/2010/1/20/art_1229661812_150287.html,0
http://lssggzy.lishui.gov.cn/art/2010/1/19/art_1229661812_150273.html,0
http://lssggzy.lishui.gov.cn/art/2010/1/19/art_1229661812_150280.html,0
http://lssggzy.lishui.gov.cn/art/2010/1/4/art_1229661812_150266.html,5
http://lssggzy.lishui.gov.cn/art/2009/12/31/art_1229661812_150260.html,5
http://lssggzy.lishui.gov.cn/art/2009/12/28/art_1229661812_150255.html,0
http://lssggzy.lishui.gov.cn/art/2009/12/22/art_1229661812_150242.html,4
http://lssggzy.lishui.gov.cn/art/2009/12/22/art_1229661812_150223.html,4
http://lssggzy.lishui.gov.cn/art/2009/12/22/art_1229661812_150248.html,0
http://lssggzy.lishui.gov.cn/art/2009/12/22/art_1229661812_150230.html,4
http://lssggzy.lishui.gov.cn/art/2009/12/22/art_1229661812_150237.html,4
http://lssggzy.lishui.gov.cn/art/2009/12/15/art_1229661812_150216.html,2
http://lssggzy.lishui.gov.cn/art/2009/12/11/art_1229661812_150210.html,0
http://lssggzy.lishui.gov.cn/art/2009/12/11/art_1229661812_150203.html,3
http://lssggzy.lishui.gov.cn/art/2009/12/10/art_1229661812_150196.html,0
http://lssggzy.lishui.gov.cn/art/2009/12/7/art_1229661812_150174.html,0
http://lssggzy.lishui.gov.cn/art/2009/12/3/art_1229661812_150168.html,7
http://lssggzy.lishui.gov.cn/art/2009/12/1/art_1229661812_150141.html,4
http://lssggzy.lishui.gov.cn/art/2009/12/1/art_1229661812_150161.html,4
http://lssggzy.lishui.gov.cn/art/2009/12/1/art_1229661812_150155.html,4
http://lssggzy.lishui.gov.cn/art/2009/12/1/art_1229661812_150148.html,4
http://lssggzy.lishui.gov.cn/art/2009/11/26/art_1229661812_150134.html,4
http://lssggzy.lishui.gov.cn/art/2009/11/26/art_1229661812_150127.html,5
http://lssggzy.lishui.gov.cn/art/2009/11/24/art_1229661812_150113.html,4
http://lssggzy.lishui.gov.cn/art/2009/11/24/art_1229661812_150120.html,4
http://lssggzy.lishui.gov.cn/art/2009/11/20/art_1229661812_150106.html,5
http://lssggzy.lishui.gov.cn/art/2009/11/20/art_1229661812_150099.html,7
http://lssggzy.lishui.gov.cn/art/2009/11/17/art_1229661812_150085.html,5
http://lssggzy.lishui.gov.cn/art/2009/11/17/art_1229661812_150092.html,6
http://lssggzy.lishui.gov.cn/art/2009/11/13/art_1229661812_150078.html,0
http://lssggzy.lishui.gov.cn/art/2009/11/13/art_1229661812_150071.html,0
http://lssggzy.lishui.gov.cn/art/2009/11/11/art_1229661812_150064.html,5
http://lssggzy.lishui.gov.cn/art/2009/11/9/art_1229661812_150058.html,4
http://lssggzy.lishui.gov.cn/art/2009/11/5/art_1229661812_150052.html,0
http://lssggzy.lishui.gov.cn/art/2009/11/4/art_1229661812_150046.html,5
http://lssggzy.lishui.gov.cn/art/2009/11/4/art_1229661812_150042.html,4
http://lssggzy.lishui.gov.cn/art/2009/10/27/art_1229661812_150035.html,0
http://lssggzy.lishui.gov.cn/art/2009/10/26/art_1229661812_150029.html,5
http://lssggzy.lishui.gov.cn/art/2009/10/23/art_1229661812_150014.html,0
http://lssggzy.lishui.gov.cn/art/2009/10/23/art_1229661812_150022.html,0
http://lssggzy.lishui.gov.cn/art/2009/10/22/art_1229661812_149970.html,0
http://lssggzy.lishui.gov.cn/art/2009/10/22/art_1229661812_149960.html,0
http://lssggzy.lishui.gov.cn/art/2009/10/22/art_1229661812_150007.html,0
http://lssggzy.lishui.gov.cn/art/2009/10/22/art_1229661812_149989.html,4
http://lssggzy.lishui.gov.cn/art/2009/10/22/art_1229661812_149997.html,4
http://lssggzy.lishui.gov.cn/art/2009/10/22/art_1229661812_149980.html,4
http://lssggzy.lishui.gov.cn/art/2009/10/21/art_1229661812_149951.html,0
http://lssggzy.lishui.gov.cn/art/2009/10/14/art_1229661812_149943.html,0
http://lssggzy.lishui.gov.cn/art/2009/10/10/art_1229661812_149934.html,8
http://lssggzy.lishui.gov.cn/art/2009/9/30/art_1229661812_149926.html,11
http://lssggzy.lishui.gov.cn/art/2009/9/29/art_1229661812_149912.html,4
http://lssggzy.lishui.gov.cn/art/2009/9/29/art_1229661812_149919.html,5
http://lssggzy.lishui.gov.cn/art/2009/9/24/art_1229661812_149905.html,5
http://lssggzy.lishui.gov.cn/art/2009/9/23/art_1229661812_149894.html,7
http://lssggzy.lishui.gov.cn/art/2009/9/18/art_1229661812_149884.html,10
http://lssggzy.lishui.gov.cn/art/2009/9/8/art_1229661812_149874.html,4
http://lssggzy.lishui.gov.cn/art/2009/9/2/art_1229661812_149853.html,0
http://lssggzy.lishui.gov.cn/art/2009/9/2/art_1229661812_149863.html,0
http://lssggzy.lishui.gov.cn/art/2009/8/31/art_1229661812_149843.html,5
http://lssggzy.lishui.gov.cn/art/2009/8/27/art_1229661812_149819.html,0
http://lssggzy.lishui.gov.cn/art/2009/8/27/art_1229661812_149827.html,5
http://lssggzy.lishui.gov.cn/art/2009/8/27/art_1229661812_149835.html,5
http://lssggzy.lishui.gov.cn/art/2009/8/20/art_1229661812_149813.html,0
http://lssggzy.lishui.gov.cn/art/2009/8/14/art_1229661812_149805.html,0
http://lssggzy.lishui.gov.cn/art/2009/8/13/art_1229661812_149792.html,6
http://lssggzy.lishui.gov.cn/art/2009/8/13/art_1229661812_149797.html,4
http://lssggzy.lishui.gov.cn/art/2009/8/13/art_1229661812_149785.html,4
http://lssggzy.lishui.gov.cn/art/2009/8/13/art_1229661812_149778.html,0
http://lssggzy.lishui.gov.cn/art/2009/8/11/art_1229661812_149769.html,4
http://lssggzy.lishui.gov.cn/art/2009/8/10/art_1229661812_149760.html,5
http://lssggzy.lishui.gov.cn/art/2009/8/7/art_1229661812_149749.html,5
http://lssggzy.lishui.gov.cn/art/2009/8/7/art_1229661812_149739.html,5
http://lssggzy.lishui.gov.cn/art/2009/8/5/art_1229661812_149729.html,6
http://lssggzy.lishui.gov.cn/art/2009/8/4/art_1229661812_149707.html,4
http://lssggzy.lishui.gov.cn/art/2009/8/4/art_1229661812_149718.html,4
http://lssggzy.lishui.gov.cn/art/2009/7/29/art_1229661812_149696.html,0
http://lssggzy.lishui.gov.cn/art/2009/7/22/art_1229661812_149685.html,8
http://lssggzy.lishui.gov.cn/art/2009/7/22/art_1229661812_149674.html,4
http://lssggzy.lishui.gov.cn/art/2009/7/22/art_1229661812_149664.html,4
http://lssggzy.lishui.gov.cn/art/2009/7/16/art_1229661812_149643.html,7
http://lssggzy.lishui.gov.cn/art/2009/7/16/art_1229661812_149654.html,6
http://lssggzy.lishui.gov.cn/art/2009/7/16/art_1229661812_149631.html,5
http://lssggzy.lishui.gov.cn/art/2009/7/1/art_1229661812_149620.html,0
http://lssggzy.lishui.gov.cn/art/2009/6/29/art_1229661812_149608.html,4
http://lssggzy.lishui.gov.cn/art/2009/6/26/art_1229661812_149596.html,8
http://lssggzy.lishui.gov.cn/art/2009/6/22/art_1229661812_149572.html,5
http://lssggzy.lishui.gov.cn/art/2009/6/22/art_1229661812_149584.html,6
http://lssggzy.lishui.gov.cn/art/2009/6/19/art_1229661812_149560.html,0
http://lssggzy.lishui.gov.cn/art/2009/6/19/art_1229661812_149548.html,8
http://lssggzy.lishui.gov.cn/art/2009/6/18/art_1229661812_149535.html,0
http://lssggzy.lishui.gov.cn/art/2009/6/18/art_1229661812_149524.html,0
http://lssggzy.lishui.gov.cn/art/2009/6/15/art_1229661812_149512.html,4
http://lssggzy.lishui.gov.cn/art/2009/6/10/art_1229661812_149502.html,0
http://lssggzy.lishui.gov.cn/art/2009/6/4/art_1229661812_149492.html,0
http://lssggzy.lishui.gov.cn/art/2009/6/4/art_1229661812_149480.html,0
http://lssggzy.lishui.gov.cn/art/2009/6/2/art_1229661812_149469.html,6
http://lssggzy.lishui.gov.cn/art/2009/5/25/art_1229661812_149460.html,5
http://lssggzy.lishui.gov.cn/art/2009/5/22/art_1229661812_149439.html,5
http://lssggzy.lishui.gov.cn/art/2009/5/22/art_1229661812_149429.html,5
http://lssggzy.lishui.gov.cn/art/2009/5/22/art_1229661812_149450.html,7
http://lssggzy.lishui.gov.cn/art/2009/5/19/art_1229661812_149419.html,5
http://lssggzy.lishui.gov.cn/art/2009/5/18/art_1229661812_149409.html,0
http://lssggzy.lishui.gov.cn/art/2009/5/18/art_1229661812_149388.html,0
http://lssggzy.lishui.gov.cn/art/2009/5/18/art_1229661812_149366.html,0
http://lssggzy.lishui.gov.cn/art/2009/5/18/art_1229661812_149377.html,0
http://lssggzy.lishui.gov.cn/art/2009/5/18/art_1229661812_149398.html,0
http://lssggzy.lishui.gov.cn/art/2009/5/14/art_1229661812_149336.html,0
http://lssggzy.lishui.gov.cn/art/2009/5/14/art_1229661812_149344.html,0
http://lssggzy.lishui.gov.cn/art/2009/5/14/art_1229661812_149327.html,5
http://lssggzy.lishui.gov.cn/art/2009/5/14/art_1229661812_149355.html,8
http://lssggzy.lishui.gov.cn/art/2009/5/13/art_1229661812_149309.html,5
http://lssggzy.lishui.gov.cn/art/2009/5/13/art_1229661812_149318.html,7
http://lssggzy.lishui.gov.cn/art/2009/4/30/art_1229661812_149302.html,5
http://lssggzy.lishui.gov.cn/art/2009/4/27/art_1229661812_149292.html,4
http://lssggzy.lishui.gov.cn/art/2009/4/24/art_1229661812_149282.html,4
http://lssggzy.lishui.gov.cn/art/2009/4/21/art_1229661812_149258.html,0
http://lssggzy.lishui.gov.cn/art/2009/4/21/art_1229661812_149267.html,0
http://lssggzy.lishui.gov.cn/art/2009/4/20/art_1229661812_149249.html,0
http://lssggzy.lishui.gov.cn/art/2009/4/15/art_1229661812_149240.html,10
http://lssggzy.lishui.gov.cn/art/2009/4/10/art_1229661812_149231.html,4
http://lssggzy.lishui.gov.cn/art/2009/4/8/art_1229661812_149222.html,0
http://lssggzy.lishui.gov.cn/art/2009/4/7/art_1229661812_149215.html,4
http://lssggzy.lishui.gov.cn/art/2009/4/2/art_1229661812_149206.html,4
http://lssggzy.lishui.gov.cn/art/2009/3/31/art_1229661812_149199.html,9
http://lssggzy.lishui.gov.cn/art/2009/3/27/art_1229661812_149192.html,3
http://lssggzy.lishui.gov.cn/art/2009/3/20/art_1229661812_149170.html,4
http://lssggzy.lishui.gov.cn/art/2009/3/20/art_1229661812_149182.html,4
http://lssggzy.lishui.gov.cn/art/2009/3/16/art_1229661812_149150.html,4
http://lssggzy.lishui.gov.cn/art/2009/3/16/art_1229661812_149161.html,8
http://lssggzy.lishui.gov.cn/art/2009/3/11/art_1229661812_149140.html,5
http://lssggzy.lishui.gov.cn/art/2009/3/9/art_1229661812_149131.html,5
http://lssggzy.lishui.gov.cn/art/2009/3/9/art_1229661812_149120.html,5
http://lssggzy.lishui.gov.cn/art/2009/3/5/art_1229661812_149110.html,0
http://lssggzy.lishui.gov.cn/art/2009/3/3/art_1229661812_149100.html,5
http://lssggzy.lishui.gov.cn/art/2009/2/23/art_1229661812_149090.html,3
http://lssggzy.lishui.gov.cn/art/2009/2/20/art_1229661812_149080.html,5
http://lssggzy.lishui.gov.cn/art/2009/2/17/art_1229661812_149071.html,4
http://lssggzy.lishui.gov.cn/art/2009/2/12/art_1229661812_149061.html,4
http://lssggzy.lishui.gov.cn/art/2009/2/6/art_1229661812_149050.html,11
http://lssggzy.lishui.gov.cn/art/2009/1/19/art_1229661812_149022.html,0
http://lssggzy.lishui.gov.cn/art/2009/1/19/art_1229661812_149039.html,0
http://lssggzy.lishui.gov.cn/art/2009/1/19/art_1229661812_149031.html,0
http://lssggzy.lishui.gov.cn/art/2009/1/16/art_1229661812_149013.html,0
http://lssggzy.lishui.gov.cn/art/2009/1/15/art_1229661812_149004.html,0
http://lssggzy.lishui.gov.cn/art/2009/1/12/art_1229661812_148996.html,6
http://lssggzy.lishui.gov.cn/art/2009/1/9/art_1229661812_148987.html,0
http://lssggzy.lishui.gov.cn/art/2009/1/9/art_1229661812_148978.html,7
http://lssggzy.lishui.gov.cn/art/2009/1/8/art_1229661812_148969.html,0
http://lssggzy.lishui.gov.cn/art/2009/1/6/art_1229661812_148960.html,0
http://lssggzy.lishui.gov.cn/art/2009/1/5/art_1229661812_148951.html,0
http://lssggzy.lishui.gov.cn/art/2009/1/4/art_1229661812_148936.html,0
http://lssggzy.lishui.gov.cn/art/2009/1/4/art_1229661812_148944.html,0
http://lssggzy.lishui.gov.cn/art/2008/12/31/art_1229661812_148920.html,0
http://lssggzy.lishui.gov.cn/art/2008/12/31/art_1229661812_148894.html,0
http://lssggzy.lishui.gov.cn/art/2008/12/31/art_1229661812_148903.html,0
http://lssggzy.lishui.gov.cn/art/2008/12/31/art_1229661812_148928.html,0
http://lssggzy.lishui.gov.cn/art/2008/12/31/art_1229661812_148911.html,0
http://lssggzy.lishui.gov.cn/art/2008/12/30/art_1229661812_148866.html,0
http://lssggzy.lishui.gov.cn/art/2008/12/30/art_1229661812_148885.html,0
http://lssggzy.lishui.gov.cn/art/2008/12/30/art_1229661812_148876.html,0
http://lssggzy.lishui.gov.cn/art/2008/12/26/art_1229661812_148838.html,6
http://lssggzy.lishui.gov.cn/art/2008/12/26/art_1229661812_148857.html,0
http://lssggzy.lishui.gov.cn/art/2008/12/26/art_1229661812_148848.html,0
http://lssggzy.lishui.gov.cn/art/2008/12/23/art_1229661812_148829.html,0
http://lssggzy.lishui.gov.cn/art/2008/12/23/art_1229661812_148819.html,6
http://lssggzy.lishui.gov.cn/art/2008/12/22/art_1229661812_148803.html,0
http://lssggzy.lishui.gov.cn/art/2008/12/19/art_1229661812_148794.html,0
http://lssggzy.lishui.gov.cn/art/2008/12/19/art_1229661812_148786.html,0
http://lssggzy.lishui.gov.cn/art/2008/12/18/art_1229661812_148778.html,0
http://lssggzy.lishui.gov.cn/art/2008/12/16/art_1229661812_148770.html,0
http://lssggzy.lishui.gov.cn/art/2008/12/15/art_1229661812_148762.html,0
http://lssggzy.lishui.gov.cn/art/2008/12/15/art_1229661812_148754.html,0
http://lssggzy.lishui.gov.cn/art/2008/12/12/art_1229661812_148737.html,0
http://lssggzy.lishui.gov.cn/art/2008/12/12/art_1229661812_148746.html,0
http://lssggzy.lishui.gov.cn/art/2008/12/12/art_1229661812_148727.html,0
http://lssggzy.lishui.gov.cn/art/2008/12/10/art_1229661812_148707.html,0
http://lssggzy.lishui.gov.cn/art/2008/12/10/art_1229661812_148718.html,0
http://lssggzy.lishui.gov.cn/art/2008/12/9/art_1229661812_148685.html,0
http://lssggzy.lishui.gov.cn/art/2008/12/9/art_1229661812_148696.html,0
http://lssggzy.lishui.gov.cn/art/2008/12/8/art_1229661812_148663.html,0
http://lssggzy.lishui.gov.cn/art/2008/12/8/art_1229661812_148674.html,0
http://lssggzy.lishui.gov.cn/art/2008/12/5/art_1229661812_148642.html,0
http://lssggzy.lishui.gov.cn/art/2008/12/5/art_1229661812_148632.html,5
http://lssggzy.lishui.gov.cn/art/2008/12/2/art_1229661812_148598.html,0
http://lssggzy.lishui.gov.cn/art/2008/12/2/art_1229661812_148622.html,0
http://lssggzy.lishui.gov.cn/art/2008/12/2/art_1229661812_148610.html,0
http://lssggzy.lishui.gov.cn/art/2008/11/28/art_1229661812_148585.html,7
http://lssggzy.lishui.gov.cn/art/2008/11/25/art_1229661812_148575.html,0
http://lssggzy.lishui.gov.cn/art/2008/11/19/art_1229661812_148563.html,0
http://lssggzy.lishui.gov.cn/art/2008/11/12/art_1229661812_148546.html,0
http://lssggzy.lishui.gov.cn/art/2008/11/11/art_1229661812_148523.html,0
http://lssggzy.lishui.gov.cn/art/2008/11/11/art_1229661812_148534.html,0
http://lssggzy.lishui.gov.cn/art/2008/10/31/art_1229661812_148510.html,0
http://lssggzy.lishui.gov.cn/art/2008/10/28/art_1229661812_148469.html,0
http://lssggzy.lishui.gov.cn/art/2008/10/28/art_1229661812_148480.html,0
http://lssggzy.lishui.gov.cn/art/2008/10/28/art_1229661812_148457.html,0
http://lssggzy.lishui.gov.cn/art/2008/10/28/art_1229661812_148496.html,0
http://lssggzy.lishui.gov.cn/art/2008/10/23/art_1229661812_148404.html,0
http://lssggzy.lishui.gov.cn/art/2008/10/23/art_1229661812_148390.html,0
http://lssggzy.lishui.gov.cn/art/2008/10/23/art_1229661812_148430.html,0
http://lssggzy.lishui.gov.cn/art/2008/10/23/art_1229661812_148417.html,0
http://lssggzy.lishui.gov.cn/art/2008/10/23/art_1229661812_148443.html,7
http://lssggzy.lishui.gov.cn/art/2008/10/23/art_1229661812_148377.html,0
http://lssggzy.lishui.gov.cn/art/2008/10/16/art_1229661812_148367.html,0
http://lssggzy.lishui.gov.cn/art/2008/10/16/art_1229661812_148356.html,0
http://lssggzy.lishui.gov.cn/art/2008/10/15/art_1229661812_148345.html,0
http://lssggzy.lishui.gov.cn/art/2008/10/13/art_1229661812_148335.html,0
http://lssggzy.lishui.gov.cn/art/2008/10/13/art_1229661812_148314.html,0
http://lssggzy.lishui.gov.cn/art/2008/10/13/art_1229661812_148325.html,0
http://lssggzy.lishui.gov.cn/art/2008/10/13/art_1229661812_148303.html,0
http://lssggzy.lishui.gov.cn/art/2008/10/10/art_1229661812_148280.html,0
http://lssggzy.lishui.gov.cn/art/2008/10/10/art_1229661812_148291.html,5
http://lssggzy.lishui.gov.cn/art/2008/10/9/art_1229661812_148253.html,0
http://lssggzy.lishui.gov.cn/art/2008/10/9/art_1229661812_148267.html,7
http://lssggzy.lishui.gov.cn/art/2008/10/9/art_1229661812_148397.html,0
http://lssggzy.lishui.gov.cn/art/2008/10/7/art_1229661812_148372.html,5
http://lssggzy.lishui.gov.cn/art/2008/10/7/art_1229661812_148361.html,0
http://lssggzy.lishui.gov.cn/art/2008/10/7/art_1229661812_148383.html,0
http://lssggzy.lishui.gov.cn/art/2008/9/28/art_1229661812_148352.html,5
http://lssggzy.lishui.gov.cn/art/2008/9/28/art_1229661812_148341.html,0
http://lssggzy.lishui.gov.cn/art/2008/9/26/art_1229661812_148329.html,0
http://lssggzy.lishui.gov.cn/art/2008/9/25/art_1229661812_148317.html,13
http://lssggzy.lishui.gov.cn/art/2008/9/24/art_1229661812_148306.html,0
http://lssggzy.lishui.gov.cn/art/2008/9/22/art_1229661812_148297.html,0
http://lssggzy.lishui.gov.cn/art/2008/9/17/art_1229661812_148284.html,4
http://lssggzy.lishui.gov.cn/art/2008/9/17/art_1229661812_148271.html,0
http://lssggzy.lishui.gov.cn/art/2008/9/16/art_1229661812_148258.html,0
http://lssggzy.lishui.gov.cn/art/2008/9/11/art_1229661812_148247.html,0
http://lssggzy.lishui.gov.cn/art/2008/9/9/art_1229661812_148225.html,0
http://lssggzy.lishui.gov.cn/art/2008/9/9/art_1229661812_148236.html,0
http://lssggzy.lishui.gov.cn/art/2008/9/5/art_1229661812_148214.html,0
http://lssggzy.lishui.gov.cn/art/2008/9/4/art_1229661812_148203.html,0
http://lssggzy.lishui.gov.cn/art/2008/9/2/art_1229661812_148192.html,5
http://lssggzy.lishui.gov.cn/art/2008/9/2/art_1229661812_148182.html,0
http://lssggzy.lishui.gov.cn/art/2008/8/29/art_1229661812_148173.html,0
http://lssggzy.lishui.gov.cn/art/2008/8/29/art_1229661812_148164.html,0
http://lssggzy.lishui.gov.cn/art/2008/8/25/art_1229661812_148154.html,0
http://lssggzy.lishui.gov.cn/art/2008/8/20/art_1229661812_148144.html,0
http://lssggzy.lishui.gov.cn/art/2008/8/18/art_1229661812_148135.html,0
http://lssggzy.lishui.gov.cn/art/2008/8/14/art_1229661812_148124.html,0
http://lssggzy.lishui.gov.cn/art/2008/8/14/art_1229661812_148112.html,0
http://lssggzy.lishui.gov.cn/art/2008/8/11/art_1229661812_148100.html,5
http://lssggzy.lishui.gov.cn/art/2008/8/6/art_1229661812_148015.html,0
http://lssggzy.lishui.gov.cn/art/2008/8/6/art_1229661812_148067.html,0
http://lssggzy.lishui.gov.cn/art/2008/8/6/art_1229661812_148006.html,4
http://lssggzy.lishui.gov.cn/art/2008/8/6/art_1229661812_148085.html,0
http://lssggzy.lishui.gov.cn/art/2008/8/6/art_1229661812_148035.html,0
http://lssggzy.lishui.gov.cn/art/2008/8/6/art_1229661812_148053.html,0
http://lssggzy.lishui.gov.cn/art/2008/8/1/art_1229661812_147992.html,0
http://lssggzy.lishui.gov.cn/art/2008/7/31/art_1229661812_147976.html,0
http://lssggzy.lishui.gov.cn/art/2008/7/25/art_1229661812_147961.html,0
http://lssggzy.lishui.gov.cn/art/2008/7/24/art_1229661812_147946.html,0
http://lssggzy.lishui.gov.cn/art/2008/7/18/art_1229661812_147933.html,0
http://lssggzy.lishui.gov.cn/art/2008/7/17/art_1229661812_147920.html,6
http://lssggzy.lishui.gov.cn/art/2008/7/15/art_1229661812_147898.html,0
http://lssggzy.lishui.gov.cn/art/2008/7/15/art_1229661812_147908.html,0
http://lssggzy.lishui.gov.cn/art/2008/7/11/art_1229661812_147886.html,4
http://lssggzy.lishui.gov.cn/art/2008/7/10/art_1229661812_147863.html,0
http://lssggzy.lishui.gov.cn/art/2008/7/10/art_1229661812_147877.html,9
http://lssggzy.lishui.gov.cn/art/2008/7/9/art_1229661812_147850.html,0
http://lssggzy.lishui.gov.cn/art/2008/7/8/art_1229661812_147838.html,4
http://lssggzy.lishui.gov.cn/art/2008/7/7/art_1229661812_147802.html,7
http://lssggzy.lishui.gov.cn/art/2008/7/7/art_1229661812_147815.html,7
http://lssggzy.lishui.gov.cn/art/2008/7/7/art_1229661812_147904.html,0
http://lssggzy.lishui.gov.cn/art/2008/7/7/art_1229661812_147827.html,0
http://lssggzy.lishui.gov.cn/art/2008/7/7/art_1229661812_147891.html,0
http://lssggzy.lishui.gov.cn/art/2008/6/26/art_1229661812_147879.html,8
http://lssggzy.lishui.gov.cn/art/2008/6/25/art_1229661812_147868.html,9
http://lssggzy.lishui.gov.cn/art/2008/6/24/art_1229661812_147857.html,0
http://lssggzy.lishui.gov.cn/art/2008/6/20/art_1229661812_147845.html,6
http://lssggzy.lishui.gov.cn/art/2008/6/16/art_1229661812_147833.html,0
http://lssggzy.lishui.gov.cn/art/2008/6/11/art_1229661812_147810.html,0
http://lssggzy.lishui.gov.cn/art/2008/6/11/art_1229661812_147822.html,0
http://lssggzy.lishui.gov.cn/art/2008/6/10/art_1229661812_147797.html,0
http://lssggzy.lishui.gov.cn/art/2008/6/6/art_1229661812_147787.html,0
http://lssggzy.lishui.gov.cn/art/2008/6/6/art_1229661812_147767.html,0
http://lssggzy.lishui.gov.cn/art/2008/6/6/art_1229661812_147777.html,0
http://lssggzy.lishui.gov.cn/art/2008/5/22/art_1229661812_147757.html,0
http://lssggzy.lishui.gov.cn/art/2008/5/20/art_1229661812_147744.html,0
http://lssggzy.lishui.gov.cn/art/2008/5/16/art_1229661812_147733.html,0
http://lssggzy.lishui.gov.cn/art/2008/5/15/art_1229661812_147723.html,0
http://lssggzy.lishui.gov.cn/art/2008/5/12/art_1229661812_147711.html,0
http://lssggzy.lishui.gov.cn/art/2008/5/9/art_1229661812_147688.html,4
http://lssggzy.lishui.gov.cn/art/2008/5/9/art_1229661812_147699.html,0
http://lssggzy.lishui.gov.cn/art/2008/5/6/art_1229661812_147677.html,0
http://lssggzy.lishui.gov.cn/art/2008/4/30/art_1229661812_147648.html,0
http://lssggzy.lishui.gov.cn/art/2008/4/30/art_1229661812_147663.html,0
http://lssggzy.lishui.gov.cn/art/2008/4/28/art_1229661812_147634.html,0
http://lssggzy.lishui.gov.cn/art/2008/4/28/art_1229661812_147603.html,0
http://lssggzy.lishui.gov.cn/art/2008/4/28/art_1229661812_147620.html,4
http://lssggzy.lishui.gov.cn/art/2008/4/25/art_1229661812_147587.html,0
http://lssggzy.lishui.gov.cn/art/2008/4/22/art_1229661812_147569.html,0
http://lssggzy.lishui.gov.cn/art/2008/4/21/art_1229661812_147552.html,4
http://lssggzy.lishui.gov.cn/art/2008/4/15/art_1229661812_147518.html,0
http://lssggzy.lishui.gov.cn/art/2008/4/15/art_1229661812_147536.html,0
http://lssggzy.lishui.gov.cn/art/2008/4/14/art_1229661812_147481.html,0
http://lssggzy.lishui.gov.cn/art/2008/4/14/art_1229661812_147499.html,0
http://lssggzy.lishui.gov.cn/art/2008/4/14/art_1229661812_147461.html,0
http://lssggzy.lishui.gov.cn/art/2008/4/11/art_1229661812_147443.html,0
http://lssggzy.lishui.gov.cn/art/2008/4/10/art_1229661812_147424.html,0
http://lssggzy.lishui.gov.cn/art/2008/4/8/art_1229661812_147407.html,7
http://lssggzy.lishui.gov.cn/art/2008/4/7/art_1229661812_147373.html,0
http://lssggzy.lishui.gov.cn/art/2008/4/7/art_1229661812_147390.html,5
http://lssggzy.lishui.gov.cn/art/2008/4/2/art_1229661812_147341.html,0
http://lssggzy.lishui.gov.cn/art/2008/4/2/art_1229661812_147325.html,0
http://lssggzy.lishui.gov.cn/art/2008/4/2/art_1229661812_147357.html,0
http://lssggzy.lishui.gov.cn/art/2008/3/31/art_1229661812_147309.html,0
http://lssggzy.lishui.gov.cn/art/2008/3/28/art_1229661812_147292.html,7
http://lssggzy.lishui.gov.cn/art/2008/3/26/art_1229661812_147275.html,4
http://lssggzy.lishui.gov.cn/art/2008/3/19/art_1229661812_147250.html,0
http://lssggzy.lishui.gov.cn/art/2008/3/19/art_1229661812_147262.html,0
http://lssggzy.lishui.gov.cn/art/2008/3/10/art_1229661812_147235.html,0
http://lssggzy.lishui.gov.cn/art/2008/3/10/art_1229661812_147206.html,0
http://lssggzy.lishui.gov.cn/art/2008/3/10/art_1229661812_147222.html,0
http://lssggzy.lishui.gov.cn/art/2008/3/7/art_1229661812_147346.html,0
http://lssggzy.lishui.gov.cn/art/2008/2/26/art_1229661812_147329.html,0
http://lssggzy.lishui.gov.cn/art/2008/2/22/art_1229661812_147313.html,4
http://lssggzy.lishui.gov.cn/art/2008/2/15/art_1229661812_147296.html,6
http://lssggzy.lishui.gov.cn/art/2008/2/1/art_1229661812_147267.html,8
http://lssggzy.lishui.gov.cn/art/2008/2/1/art_1229661812_147280.html,0
http://lssggzy.lishui.gov.cn/art/2008/1/30/art_1229661812_147252.html,0
http://lssggzy.lishui.gov.cn/art/2008/1/29/art_1229661812_147239.html,5
http://lssggzy.lishui.gov.cn/art/2008/1/21/art_1229661812_147225.html,4
http://lssggzy.lishui.gov.cn/art/2008/1/14/art_1229661812_147211.html,0
http://lssggzy.lishui.gov.cn/art/2008/1/14/art_1229661812_147184.html,0
http://lssggzy.lishui.gov.cn/art/2008/1/14/art_1229661812_147196.html,0
